episode,reward
1,-10.6
2,-11.0
3,-10.8
4,-11.3
5,-11.1
6,-10.4
7,-10.6
8,-10.2
9,-10.2
10,-10.4
11,-11.3
12,-11.0
13,-10.8
14,-11.8
15,-11.6
16,-10.2
17,-11.0
18,-10.6
19,-10.8
20,-11.0
21,-10.5
22,-10.7
23,-12.5
24,-10.4
25,-10.4
26,-11.0
27,-10.5
28,-10.1
29,-10.2
30,-10.6
31,9.2
32,-13.500000000000002
33,-10.1
34,-11.0
35,-12.3
36,-10.9
37,-10.6
38,-11.4
39,8.9
40,-11.2
41,-11.4
42,-10.7
43,7.299999999999999
44,9.3
45,-11.1
46,8.8
47,8.4
48,-10.6
49,-10.4
50,8.9
51,8.8
52,-10.2
53,-11.2
54,-10.4
55,-10.3
56,-10.6
57,8.8
58,9.2
59,-10.7
60,9.3
61,-10.1
62,-10.3
63,-10.7
64,9.4
65,-10.5
66,8.9
67,-10.2
68,9.4
69,9.3
70,9.4
71,9.0
72,-10.5
73,-10.6
74,9.4
75,-10.5
76,9.2
77,9.4
78,-10.3
79,-10.1
80,9.1
81,9.3
82,-10.2
83,-10.6
84,-10.1
85,-10.4
86,9.3
87,9.0
88,9.3
89,8.8
90,-10.6
91,-10.7
92,-10.6
93,-10.5
94,9.2
95,-10.4
96,-12.3
97,-10.3
98,9.1
99,9.4
100,9.2
101,-10.9
102,-10.3
103,8.8
104,9.2
105,-10.2
106,9.0
107,-10.1
108,8.8
109,-11.1
110,9.4
111,-10.9
112,-10.2
113,9.3
114,-10.6
115,9.0
116,9.0
117,9.4
118,9.4
119,9.4
120,9.4
121,9.4
122,9.4
123,9.2
124,9.4
125,-10.4
126,-10.6
127,-11.1
128,-10.9
129,9.4
130,9.4
131,9.4
132,8.8
133,-10.1
134,9.4
135,-10.1
136,9.3
137,9.3
138,8.5
139,9.2
140,-10.1
141,-11.5
142,9.1
143,9.4
144,9.2
145,9.3
146,-10.4
147,-10.4
148,9.0
149,9.3
150,-10.6
151,9.2
152,-10.6
153,-10.4
154,9.4
155,9.2
156,-10.5
157,9.0
158,-10.3
159,9.4
160,9.2
161,-10.8
162,9.4
163,9.2
164,9.2
165,9.2
166,-10.5
167,-10.6
168,9.2
169,9.3
170,9.2
171,9.4
172,9.3
173,-10.5
174,-10.5
175,9.1
176,-11.1
177,-10.5
178,-10.1
179,9.4
180,9.0
181,9.0
182,9.4
183,9.3
184,-10.2
185,-10.4
186,9.2
187,-10.3
188,9.2
189,8.8
190,-10.9
191,8.5
192,9.3
193,-10.5
194,9.4
195,9.4
196,9.4
197,9.2
198,-10.2
199,-10.1
200,9.2
201,9.4
202,9.2
203,9.4
204,9.0
205,-10.1
206,9.4
207,9.4
208,-10.5
209,9.2
210,9.3
211,9.4
212,-10.2
213,9.3
214,-10.6
215,9.4
216,9.2
217,9.4
218,8.6
219,9.4
220,9.2
221,-10.3
222,-10.2
223,-10.8
224,9.4
225,9.2
226,-10.1
227,-10.1
228,9.2
229,9.4
230,9.4
231,9.4
232,-10.8
233,9.4
234,9.4
235,9.4
236,8.8
237,9.4
238,9.4
239,9.2
240,9.4
241,9.4
242,-10.2
243,-10.3
244,9.4
245,9.2
246,8.9
247,-10.2
248,9.2
249,9.4
250,-10.5
251,-10.3
252,-10.4
253,-10.1
254,9.2
255,-10.4
256,9.2
257,-10.8
258,-10.3
259,9.4
260,9.3
261,9.2
262,9.2
263,9.0
264,9.4
265,9.3
266,-10.1
267,9.4
268,9.4
269,-10.5
270,9.2
271,9.0
272,-10.2
273,8.8
274,-10.3
275,9.2
276,9.3
277,-10.3
278,9.0
279,-10.5
280,9.0
281,9.3
282,9.3
283,9.4
284,8.8
285,9.4
286,9.4
287,-10.2
288,9.4
289,9.4
290,9.0
291,9.4
292,9.0
293,9.4
294,9.2
295,9.0
296,-10.5
297,-10.5
298,9.4
299,9.3
300,9.4
301,9.0
302,-10.5
303,9.3
304,-10.5
305,9.2
306,9.4
307,8.9
308,9.2
309,9.0
310,9.1
311,-10.4
312,9.1
313,9.4
314,9.2
315,9.2
316,8.9
317,9.4
318,-10.1
319,9.2
320,-10.2
321,-10.5
322,8.5
323,9.1
324,9.4
325,9.4
326,-10.3
327,9.2
328,-10.4
329,9.3
330,9.1
331,9.2
332,8.8
333,9.3
334,-10.5
335,9.3
336,-10.4
337,-10.6
338,-10.9
339,9.4
340,-10.3
341,9.4
342,9.1
343,9.2
344,9.1
345,9.4
346,9.4
347,9.4
348,-10.2
349,9.4
350,-10.1
351,9.4
352,9.4
353,8.9
354,9.3
355,9.4
356,-10.1
357,-10.5
358,-10.5
359,9.4
360,9.2
361,9.2
362,9.4
363,-10.4
364,9.4
365,9.0
366,9.4
367,9.0
368,9.1
369,-10.3
370,9.1
371,9.4
372,9.2
373,9.4
374,9.4
375,9.1
376,-10.3
377,-10.3
378,9.4
379,-10.7
380,-10.2
381,9.3
382,9.4
383,9.4
384,9.4
385,9.3
386,9.4
387,9.1
388,9.1
389,-10.4
390,9.4
391,9.4
392,-10.1
393,9.2
394,-10.1
395,-10.5
396,9.3
397,9.3
398,-10.4
399,9.1
400,9.3
401,-10.7
402,9.2
403,9.3
404,9.4
405,-10.3
406,9.4
407,9.4
408,9.1
409,-10.3
410,9.2
411,-10.1
412,9.3
413,9.0
414,9.4
415,9.4
416,-10.5
417,9.2
418,9.4
419,9.4
420,9.4
421,9.0
422,-10.1
423,9.2
424,9.1
425,9.4
426,-10.4
427,9.4
428,9.0
429,9.1
430,9.3
431,9.4
432,9.4
433,9.4
434,9.0
435,9.4
436,9.4
437,9.0
438,-10.5
439,9.4
440,9.3
441,9.2
442,9.2
443,9.4
444,9.4
445,-10.7
446,-10.1
447,9.4
448,9.4
449,9.0
450,9.4
451,-10.8
452,9.1
453,9.4
454,-10.2
455,9.1
456,-10.5
457,9.2
458,9.2
459,-10.5
460,-10.4
461,9.4
462,9.3
463,9.1
464,9.4
465,9.2
466,9.4
467,9.4
468,9.4
469,9.3
470,9.2
471,-10.2
472,9.4
473,9.4
474,9.2
475,9.3
476,9.4
477,9.4
478,9.4
479,8.299999999999999
480,9.3
481,9.2
482,9.4
483,9.2
484,8.8
485,9.1
486,9.1
487,-10.5
488,9.0
489,9.4
490,9.4
491,-10.9
492,9.4
493,9.4
494,9.2
495,9.4
496,-10.4
497,-10.5
498,9.1
499,9.3
500,9.2
501,9.4
502,9.2
503,-10.1
504,9.2
505,9.4
506,9.2
507,9.3
508,9.4
509,-10.1
510,-10.8
511,9.2
512,9.4
513,9.4
514,9.2
515,9.3
516,-10.3
517,9.4
518,9.4
519,-10.4
520,9.0
521,9.4
522,9.3
523,-11.2
524,9.1
525,9.4
526,-10.1
527,9.4
528,-10.5
529,9.4
530,9.3
531,9.4
532,-10.5
533,9.4
534,9.4
535,9.4
536,9.3
537,9.4
538,9.2
539,9.3
540,-10.4
541,-10.3
542,9.3
543,9.4
544,-10.5
545,-10.5
546,9.4
547,9.4
548,9.0
549,9.4
550,9.2
551,9.4
552,-10.3
553,9.4
554,-10.2
555,9.1
556,-10.3
557,9.4
558,-11.0
559,9.4
560,9.3
561,9.3
562,-10.2
563,9.4
564,-10.5
565,9.4
566,-10.1
567,9.3
568,-10.1
569,-10.2
570,-10.6
571,8.9
572,9.4
573,9.1
574,8.4
575,-10.2
576,9.1
577,9.4
578,9.4
579,-10.6
580,9.3
581,9.2
582,-10.4
583,9.4
584,-10.1
585,-10.5
586,9.4
587,9.4
588,-10.7
589,9.4
590,-10.2
591,9.4
592,-10.5
593,9.4
594,-10.3
595,9.4
596,9.4
597,9.4
598,-10.3
599,-10.2
600,9.3
601,9.1
602,9.4
603,8.9
604,9.2
605,9.4
606,9.4
607,9.1
608,9.3
609,9.4
610,-10.8
611,9.4
612,9.2
613,-10.3
614,9.1
615,-10.8
616,-10.1
617,8.9
618,9.1
619,9.2
620,9.4
621,9.3
622,9.4
623,9.3
624,9.4
625,9.2
626,9.4
627,9.4
628,9.2
629,9.4
630,9.4
631,9.4
632,9.4
633,9.4
634,-10.3
635,9.2
636,9.4
637,-10.1
638,9.2
639,9.4
640,-10.5
641,9.2
642,-10.6
643,9.4
644,9.2
645,9.4
646,-10.1
647,9.4
648,-10.4
649,9.2
650,9.4
651,9.4
652,9.4
653,-10.3
654,9.2
655,9.4
656,9.4
657,9.2
658,-10.4
659,9.0
660,9.0
661,9.3
662,9.0
663,9.0
664,9.2
665,-10.1
666,9.4
667,9.4
668,-10.4
669,9.4
670,9.4
671,9.4
672,-10.3
673,-10.5
674,9.3
675,-10.4
676,9.2
677,-10.2
678,9.4
679,-10.5
680,9.4
681,9.4
682,-10.4
683,9.4
684,9.4
685,9.4
686,9.4
687,9.1
688,8.9
689,9.4
690,9.4
691,9.4
692,9.4
693,9.4
694,9.2
695,9.4
696,-10.1
697,9.4
698,-10.4
699,9.4
700,9.3
701,9.4
702,-10.2
703,-10.1
704,-10.5
705,9.4
706,9.4
707,-10.4
708,-10.5
709,8.8
710,9.4
711,9.4
712,9.4
713,9.2
714,9.2
715,9.3
716,9.4
717,-10.1
718,9.4
719,9.4
720,9.4
721,9.4
722,9.4
723,-10.2
724,9.4
725,9.2
726,9.4
727,9.2
728,9.2
729,9.2
730,-10.4
731,9.0
732,9.3
733,9.2
734,9.4
735,9.4
736,9.4
737,9.3
738,9.3
739,9.4
740,9.1
741,9.4
742,9.2
743,9.4
744,9.4
745,9.4
746,9.3
747,-10.5
748,9.4
749,9.2
750,9.3
751,9.4
752,-10.2
753,9.4
754,9.4
755,9.4
756,-10.6
757,9.2
758,9.1
759,9.4
760,9.4
761,9.4
762,-10.5
763,9.2
764,8.9
765,9.4
766,9.0
767,9.4
768,9.4
769,9.4
770,-10.7
771,9.4
772,-10.5
773,-10.4
774,9.3
775,9.4
776,9.2
777,9.3
778,9.4
779,9.4
780,9.4
781,9.3
782,9.4
783,9.0
784,9.4
785,9.4
786,8.8
787,-10.2
788,9.4
789,9.4
790,-10.3
791,9.4
792,9.0
793,9.4
794,9.2
795,-10.3
796,9.2
797,9.0
798,-10.3
799,9.3
800,-10.4
801,9.2
802,9.4
803,9.3
804,9.4
805,9.2
806,9.2
807,9.4
808,9.4
809,-10.1
810,9.4
811,-10.2
812,9.4
813,9.4
814,9.4
815,9.4
816,9.2
817,-10.1
818,9.4
819,9.4
820,9.2
821,-10.5
822,9.4
823,9.3
824,9.4
825,9.4
826,9.3
827,9.0
828,9.4
829,9.4
830,9.4
831,-10.2
832,-10.4
833,9.3
834,9.4
835,9.3
836,9.4
837,9.4
838,9.2
839,9.4
840,9.4
841,-10.5
842,9.4
843,9.4
844,9.3
845,9.4
846,-10.1
847,-10.1
848,9.4
849,9.4
850,9.4
851,9.4
852,9.4
853,-10.6
854,9.3
855,-10.3
856,9.4
857,9.4
858,-10.3
859,-10.1
860,9.2
861,9.4
862,8.9
863,9.2
864,-10.1
865,9.3
866,9.4
867,-10.3
868,9.2
869,9.4
870,9.4
871,-10.1
872,9.4
873,-10.1
874,9.2
875,-10.8
876,9.4
877,9.3
878,9.4
879,9.4
880,9.4
881,9.4
882,9.4
883,9.0
884,9.2
885,9.4
886,9.2
887,9.2
888,9.4
889,9.4
890,-10.6
891,9.4
892,9.2
893,9.4
894,-10.1
895,9.4
896,9.4
897,9.2
898,-10.4
899,9.3
900,9.3
901,9.4
902,9.4
903,9.2
904,9.4
905,9.4
906,9.4
907,9.4
908,9.4
909,9.2
910,9.4
911,9.4
912,9.4
913,9.3
914,9.3
915,9.4
916,9.4
917,-10.2
918,9.3
919,9.4
920,9.4
921,9.4
922,9.1
923,9.2
924,-10.4
925,9.2
926,9.4
927,-10.6
928,9.2
929,9.4
930,9.0
931,-10.8
932,9.4
933,9.2
934,9.4
935,9.4
936,9.3
937,9.4
938,9.2
939,-10.1
940,9.2
941,9.4
942,9.4
943,9.4
944,9.4
945,9.3
946,9.4
947,9.4
948,9.4
949,-10.3
950,9.2
951,9.4
952,9.2
953,9.4
954,9.3
955,9.4
956,9.4
957,9.4
958,9.4
959,-10.7
960,9.4
961,9.4
962,9.4
963,9.0
964,9.3
965,9.4
966,9.4
967,9.1
968,9.4
969,9.3
970,9.3
971,9.4
972,9.4
973,9.2
974,9.2
975,9.4
976,9.4
977,9.4
978,9.4
979,9.4
980,9.4
981,-10.2
982,9.2
983,9.4
984,9.4
985,9.1
986,9.3
987,9.4
988,9.4
989,9.4
990,9.2
991,9.2
992,9.4
993,9.4
994,-10.5
995,9.4
996,-10.5
997,8.9
998,9.4
999,9.4
1000,9.4
1001,9.4
1002,9.4
1003,9.4
1004,9.4
1005,9.4
1006,9.2
1007,9.4
1008,9.3
1009,9.4
1010,9.2
1011,9.2
1012,9.2
1013,9.4
1014,9.4
1015,9.4
1016,9.4
1017,9.2
1018,9.0
1019,9.4
1020,9.4
1021,9.3
1022,9.4
1023,9.4
1024,9.3
1025,9.4
1026,9.4
1027,-10.9
1028,9.4
1029,9.4
1030,9.2
1031,9.4
1032,9.4
1033,9.4
1034,9.4
1035,9.4
1036,9.4
1037,9.4
1038,9.4
1039,9.4
1040,9.4
1041,9.2
1042,-10.6
1043,9.0
1044,9.0
1045,9.4
1046,9.4
1047,9.4
1048,9.4
1049,9.4
1050,9.0
1051,9.4
1052,-10.4
1053,9.2
1054,9.1
1055,9.4
1056,9.4
1057,9.4
1058,9.4
1059,9.4
1060,9.4
1061,9.0
1062,9.4
1063,9.4
1064,9.3
1065,9.4
1066,9.4
1067,9.4
1068,9.4
1069,9.4
1070,9.4
1071,9.4
1072,9.4
1073,9.4
1074,-10.4
1075,9.4
1076,9.4
1077,9.4
1078,9.4
1079,9.4
1080,9.4
1081,9.0
1082,9.4
1083,9.4
1084,-10.5
1085,9.4
1086,9.4
1087,9.2
1088,-10.9
1089,9.4
1090,9.0
1091,9.2
1092,9.4
1093,8.8
1094,9.4
1095,-10.4
1096,9.4
1097,-10.1
1098,9.4
1099,9.4
1100,-10.2
1101,9.4
1102,9.4
1103,9.4
1104,9.3
1105,9.4
1106,9.4
1107,9.4
1108,-10.4
1109,-10.1
1110,9.3
1111,9.4
1112,9.3
1113,9.2
1114,9.3
1115,-10.6
1116,9.4
1117,9.4
1118,-10.4
1119,9.4
1120,-10.5
1121,9.4
1122,9.4
1123,9.4
1124,9.3
1125,-10.1
1126,9.4
1127,9.4
1128,9.4
1129,9.2
1130,9.4
1131,9.4
1132,9.1
1133,9.4
1134,9.4
1135,9.4
1136,9.4
1137,9.4
1138,9.3
1139,9.2
1140,9.2
1141,9.3
1142,9.4
1143,9.4
1144,9.3
1145,9.4
1146,9.4
1147,9.4
1148,-10.4
1149,9.0
1150,9.2
1151,9.4
1152,9.4
1153,9.4
1154,9.2
1155,9.4
1156,9.4
1157,9.4
1158,9.3
1159,9.4
1160,9.4
1161,9.2
1162,9.2
1163,9.4
1164,9.4
1165,9.4
1166,-10.3
1167,9.4
1168,-10.5
1169,9.4
1170,9.4
1171,9.4
1172,9.2
1173,9.4
1174,9.3
1175,9.4
1176,9.4
1177,-10.5
1178,9.4
1179,9.4
1180,9.2
1181,9.4
1182,9.2
1183,9.3
1184,9.2
1185,9.4
1186,9.2
1187,9.2
1188,9.4
1189,9.4
1190,9.4
1191,9.4
1192,9.2
1193,-10.2
1194,9.4
1195,9.0
1196,9.4
1197,9.4
1198,9.4
1199,9.4
1200,9.4
1201,9.4
1202,9.4
1203,9.4
1204,9.4
1205,9.2
1206,9.4
1207,9.4
1208,9.2
1209,9.4
1210,9.4
1211,-10.3
1212,9.4
1213,9.4
1214,9.4
1215,-10.1
1216,9.4
1217,9.4
1218,9.4
1219,9.4
1220,9.2
1221,9.4
1222,9.3
1223,9.4
1224,9.4
1225,9.4
1226,9.4
1227,9.4
1228,9.4
1229,9.4
1230,9.4
1231,9.4
1232,9.4
1233,9.4
1234,9.4
1235,9.4
1236,9.2
1237,9.3
1238,9.4
1239,-10.4
1240,9.3
1241,9.2
1242,9.4
1243,9.4
1244,9.4
1245,9.4
1246,9.4
1247,-10.5
1248,9.4
1249,9.4
1250,9.4
1251,9.4
1252,9.4
1253,9.2
1254,9.4
1255,9.4
1256,9.2
1257,9.4
1258,9.4
1259,9.2
1260,9.4
1261,9.4
1262,-10.3
1263,-10.3
1264,9.4
1265,9.3
1266,9.4
1267,9.2
1268,8.9
1269,9.4
1270,-10.5
1271,9.4
1272,9.4
1273,9.4
1274,9.4
1275,-10.5
1276,9.2
1277,9.4
1278,9.4
1279,9.4
1280,9.4
1281,9.4
1282,9.4
1283,9.2
1284,9.4
1285,9.4
1286,9.4
1287,9.4
1288,9.4
1289,9.4
1290,9.4
1291,9.4
1292,-10.5
1293,9.4
1294,9.2
1295,-10.4
1296,9.2
1297,9.4
1298,9.2
1299,9.4
1300,-10.4
1301,9.2
1302,9.4
1303,9.4
1304,9.4
1305,9.3
1306,9.3
1307,9.4
1308,9.4
1309,9.4
1310,9.4
1311,9.4
1312,9.4
1313,9.4
1314,9.4
1315,9.3
1316,9.4
1317,9.4
1318,9.4
1319,9.3
1320,9.4
1321,9.4
1322,9.4
1323,9.3
1324,9.2
1325,9.4
1326,9.4
1327,9.4
1328,-10.7
1329,9.4
1330,9.4
1331,9.4
1332,9.1
1333,9.4
1334,9.4
1335,9.3
1336,9.4
1337,9.4
1338,9.4
1339,9.4
1340,-10.3
1341,9.4
1342,9.4
1343,9.4
1344,9.4
1345,9.2
1346,-10.2
1347,9.4
1348,9.4
1349,9.4
1350,9.4
1351,9.4
1352,9.3
1353,9.3
1354,9.4
1355,9.2
1356,9.4
1357,9.4
1358,9.2
1359,9.2
1360,9.4
1361,9.4
1362,-10.5
1363,9.2
1364,9.4
1365,-10.2
1366,9.4
1367,9.1
1368,-10.1
1369,9.4
1370,9.2
1371,9.2
1372,9.4
1373,9.4
1374,9.4
1375,9.4
1376,9.1
1377,9.4
1378,9.3
1379,9.4
1380,9.4
1381,9.4
1382,9.2
1383,9.3
1384,9.3
1385,9.4
1386,-10.2
1387,9.4
1388,9.4
1389,9.4
1390,9.4
1391,9.2
1392,9.4
1393,9.2
1394,9.4
1395,-10.4
1396,9.4
1397,9.4
1398,9.4
1399,-10.1
1400,9.4
1401,9.2
1402,9.4
1403,9.4
1404,9.0
1405,9.4
1406,9.4
1407,9.3
1408,9.4
1409,9.4
1410,9.4
1411,9.2
1412,9.4
1413,-10.3
1414,-10.5
1415,9.2
1416,9.4
1417,9.4
1418,9.4
1419,-10.7
1420,9.4
1421,9.4
1422,9.3
1423,9.4
1424,9.4
1425,9.2
1426,9.4
1427,9.1
1428,9.4
1429,9.0
1430,9.4
1431,9.4
1432,9.4
1433,9.4
1434,9.4
1435,9.2
1436,9.4
1437,9.4
1438,9.4
1439,9.4
1440,-10.4
1441,9.4
1442,-10.3
1443,9.4
1444,9.4
1445,9.4
1446,9.4
1447,9.4
1448,9.4
1449,9.4
1450,9.3
1451,9.4
1452,9.0
1453,9.4
1454,9.4
1455,9.4
1456,9.4
1457,9.4
1458,9.4
1459,-10.4
1460,9.2
1461,9.4
1462,9.4
1463,9.4
1464,9.4
1465,9.4
1466,-10.1
1467,9.4
1468,9.4
1469,9.4
1470,9.1
1471,9.4
1472,-10.4
1473,9.4
1474,9.4
1475,9.4
1476,9.4
1477,9.4
1478,9.4
1479,9.4
1480,9.2
1481,9.4
1482,9.3
1483,9.4
1484,9.2
1485,9.4
1486,9.2
1487,9.3
1488,9.4
1489,9.4
1490,9.2
1491,9.4
1492,9.3
1493,-10.3
1494,9.2
1495,9.4
1496,-10.3
1497,9.4
1498,9.4
1499,9.4
1500,-10.4
1501,9.4
1502,9.3
1503,9.4
1504,9.4
1505,9.4
1506,9.4
1507,9.4
1508,9.4
1509,9.4
1510,9.4
1511,-10.1
1512,9.2
1513,9.4
1514,9.4
1515,9.2
1516,9.3
1517,9.3
1518,9.4
1519,9.4
1520,9.4
1521,9.4
1522,9.4
1523,9.4
1524,9.3
1525,9.2
1526,9.4
1527,9.4
1528,9.4
1529,-10.5
1530,9.4
1531,9.4
1532,9.4
1533,9.2
1534,9.2
1535,-10.4
1536,9.4
1537,9.2
1538,-10.4
1539,9.4
1540,9.4
1541,9.4
1542,-10.3
1543,9.4
1544,9.4
1545,9.4
1546,9.4
1547,9.4
1548,9.4
1549,-10.3
1550,9.2
1551,9.4
1552,9.4
1553,9.1
1554,9.4
1555,9.2
1556,9.4
1557,9.4
1558,9.4
1559,9.4
1560,9.4
1561,9.3
1562,9.4
1563,9.4
1564,9.4
1565,9.4
1566,9.2
1567,-10.4
1568,9.4
1569,9.2
1570,9.4
1571,9.4
1572,-10.2
1573,9.4
1574,9.3
1575,9.4
1576,-10.4
1577,9.4
1578,9.4
1579,9.4
1580,9.2
1581,9.2
1582,9.4
1583,9.4
1584,9.2
1585,9.4
1586,9.2
1587,9.4
1588,9.4
1589,9.4
1590,9.4
1591,9.4
1592,9.4
1593,9.4
1594,-10.4
1595,9.4
1596,9.2
1597,9.2
1598,9.2
1599,-10.3
1600,9.4
1601,-10.5
1602,9.4
1603,9.2
1604,9.4
1605,9.4
1606,9.4
1607,9.4
1608,9.4
1609,9.4
1610,-10.6
1611,9.2
1612,9.4
1613,9.4
1614,9.4
1615,9.4
1616,9.4
1617,9.3
1618,9.4
1619,9.3
1620,9.4
1621,9.4
1622,9.2
1623,9.4
1624,9.4
1625,9.4
1626,9.4
1627,9.4
1628,9.4
1629,9.4
1630,9.4
1631,9.4
1632,9.4
1633,9.3
1634,9.0
1635,9.3
1636,9.4
1637,-10.5
1638,9.4
1639,9.2
1640,9.4
1641,9.4
1642,9.4
1643,-10.4
1644,9.4
1645,9.4
1646,9.4
1647,9.4
1648,9.4
1649,9.4
1650,9.4
1651,9.4
1652,9.4
1653,9.4
1654,9.4
1655,-10.4
1656,9.2
1657,-10.4
1658,9.4
1659,-10.2
1660,9.4
1661,9.4
1662,9.4
1663,9.4
1664,9.4
1665,9.4
1666,9.4
1667,9.4
1668,9.4
1669,9.4
1670,9.4
1671,9.3
1672,9.4
1673,9.4
1674,9.4
1675,9.2
1676,9.2
1677,9.4
1678,9.4
1679,9.4
1680,9.4
1681,9.4
1682,9.4
1683,9.2
1684,9.4
1685,9.4
1686,9.3
1687,9.4
1688,9.4
1689,9.4
1690,9.3
1691,9.4
1692,9.4
1693,9.4
1694,-10.5
1695,9.2
1696,9.4
1697,9.4
1698,9.3
1699,9.4
1700,9.4
1701,9.4
1702,9.4
1703,9.4
1704,9.4
1705,9.4
1706,-10.4
1707,9.4
1708,9.2
1709,9.4
1710,9.2
1711,9.4
1712,9.4
1713,9.4
1714,9.2
1715,9.4
1716,-10.5
1717,9.4
1718,9.4
1719,9.2
1720,9.4
1721,9.4
1722,9.4
1723,-10.3
1724,9.4
1725,9.4
1726,9.4
1727,9.4
1728,9.4
1729,9.4
1730,9.4
1731,9.4
1732,9.4
1733,9.4
1734,9.2
1735,9.4
1736,9.4
1737,9.3
1738,9.4
1739,9.4
1740,9.4
1741,9.4
1742,9.4
1743,9.4
1744,9.4
1745,9.4
1746,9.4
1747,9.4
1748,9.4
1749,9.4
1750,9.4
1751,9.4
1752,9.4
1753,9.4
1754,9.4
1755,9.4
1756,9.4
1757,9.4
1758,9.4
1759,9.4
1760,9.4
1761,9.4
1762,9.4
1763,9.4
1764,9.4
1765,9.4
1766,9.3
1767,9.2
1768,9.4
1769,-10.3
1770,9.4
1771,9.2
1772,9.4
1773,9.4
1774,9.2
1775,9.4
1776,-10.3
1777,9.4
1778,9.4
1779,9.4
1780,9.4
1781,9.4
1782,9.3
1783,9.4
1784,9.4
1785,-10.5
1786,9.4
1787,-10.5
1788,9.4
1789,9.4
1790,9.1
1791,9.4
1792,9.4
1793,9.4
1794,9.4
1795,9.3
1796,-10.3
1797,9.4
1798,9.4
1799,9.4
1800,9.4
1801,9.4
1802,9.4
1803,9.4
1804,9.4
1805,9.4
1806,9.3
1807,9.4
1808,9.4
1809,9.4
1810,9.2
1811,9.4
1812,9.4
1813,-10.4
1814,9.4
1815,9.4
1816,9.4
1817,9.4
1818,-10.2
1819,9.4
1820,9.4
1821,9.4
1822,9.4
1823,9.4
1824,9.4
1825,9.4
1826,9.4
1827,9.4
1828,9.2
1829,9.4
1830,9.4
1831,9.3
1832,9.4
1833,9.4
1834,-10.7
1835,9.4
1836,9.4
1837,9.4
1838,9.4
1839,9.4
1840,9.2
1841,9.4
1842,9.4
1843,9.3
1844,9.2
1845,9.4
1846,9.2
1847,9.4
1848,9.2
1849,9.4
1850,9.4
1851,9.4
1852,9.4
1853,9.4
1854,9.4
1855,9.4
1856,9.4
1857,9.4
1858,9.4
1859,9.4
1860,9.4
1861,9.4
1862,9.4
1863,9.4
1864,9.2
1865,9.4
1866,9.4
1867,9.4
1868,9.3
1869,9.4
1870,9.4
1871,9.4
1872,9.4
1873,9.4
1874,9.4
1875,9.4
1876,9.4
1877,9.4
1878,9.4
1879,9.4
1880,9.4
1881,9.4
1882,9.4
1883,9.3
1884,9.1
1885,9.4
1886,9.4
1887,9.4
1888,9.4
1889,9.4
1890,9.4
1891,9.4
1892,9.4
1893,9.4
1894,9.4
1895,9.4
1896,9.4
1897,9.4
1898,9.4
1899,9.3
1900,9.4
1901,9.4
1902,9.4
1903,9.4
1904,9.4
1905,9.4
1906,9.2
1907,9.4
1908,9.4
1909,9.4
1910,9.4
1911,9.1
1912,9.4
1913,9.4
1914,9.4
1915,9.4
1916,9.4
1917,9.4
1918,9.2
1919,9.4
1920,-10.1
1921,9.4
1922,9.4
1923,9.2
1924,-10.7
1925,9.4
1926,9.4
1927,9.2
1928,9.4
1929,9.4
1930,9.4
1931,9.4
1932,9.2
1933,9.4
1934,9.4
1935,9.4
1936,9.4
1937,9.2
1938,9.4
1939,9.4
1940,9.4
1941,9.4
1942,9.2
1943,9.4
1944,-10.5
1945,9.4
1946,9.2
1947,-10.4
1948,9.4
1949,9.4
1950,9.4
1951,9.4
1952,9.2
1953,9.4
1954,9.4
1955,9.4
1956,9.4
1957,9.4
1958,9.4
1959,9.4
1960,9.4
1961,9.4
1962,9.4
1963,9.4
1964,9.4
1965,9.4
1966,9.3
1967,9.4
1968,9.4
1969,9.4
1970,9.4
1971,9.4
1972,9.4
1973,9.4
1974,9.2
1975,9.4
1976,9.4
1977,9.4
1978,9.4
1979,9.4
1980,9.4
1981,9.4
1982,-10.4
1983,9.4
1984,9.4
1985,9.4
1986,9.4
1987,9.4
1988,9.4
1989,9.4
1990,9.4
1991,9.3
1992,9.4
1993,9.4
1994,9.4
1995,9.4
1996,9.4
1997,9.4
1998,9.4
1999,9.4
2000,9.2
2001,9.4
2002,9.4
2003,9.2
2004,9.4
2005,9.4
2006,-10.2
2007,9.2
2008,9.4
2009,9.4
2010,9.4
2011,9.4
2012,9.4
2013,9.4
2014,9.4
2015,9.4
2016,9.4
2017,9.4
2018,9.4
2019,9.3
2020,9.4
2021,9.4
2022,9.4
2023,9.4
2024,9.4
2025,9.2
2026,9.4
2027,9.2
2028,9.4
2029,9.4
2030,9.4
2031,9.4
2032,9.4
2033,9.4
2034,9.4
2035,9.2
2036,9.4
2037,9.4
2038,9.2
2039,9.4
2040,9.4
2041,9.4
2042,9.4
2043,9.4
2044,9.4
2045,9.4
2046,9.4
2047,9.4
2048,9.4
2049,9.4
2050,9.4
2051,9.4
2052,9.4
2053,9.3
2054,9.4
2055,9.4
2056,9.4
2057,9.4
2058,9.4
2059,9.4
2060,9.4
2061,9.4
2062,9.4
2063,9.4
2064,9.4
2065,9.4
2066,9.4
2067,9.4
2068,9.4
2069,9.3
2070,9.4
2071,9.4
2072,9.4
2073,9.4
2074,9.4
2075,9.4
2076,9.4
2077,9.4
2078,9.4
2079,9.3
2080,9.4
2081,9.4
2082,9.4
2083,9.4
2084,9.4
2085,9.2
2086,9.4
2087,9.4
2088,9.4
2089,9.4
2090,9.2
2091,9.4
2092,9.3
2093,9.4
2094,9.2
2095,9.4
2096,9.2
2097,-10.3
2098,9.4
2099,9.2
2100,9.4
2101,9.4
2102,9.4
2103,-10.5
2104,9.4
2105,-10.5
2106,-10.4
2107,9.4
2108,9.4
2109,9.4
2110,9.4
2111,9.4
2112,9.4
2113,9.4
2114,9.4
2115,9.4
2116,-10.3
2117,9.2
2118,9.4
2119,9.4
2120,9.4
2121,9.4
2122,9.4
2123,-10.5
2124,9.4
2125,9.4
2126,9.4
2127,9.4
2128,9.4
2129,9.4
2130,9.4
2131,9.2
2132,9.2
2133,9.4
2134,9.4
2135,9.4
2136,9.4
2137,9.4
2138,9.4
2139,9.4
2140,9.2
2141,9.4
2142,9.4
2143,9.4
2144,-10.3
2145,9.4
2146,9.4
2147,9.2
2148,9.4
2149,9.4
2150,9.4
2151,9.3
2152,9.4
2153,9.4
2154,9.4
2155,9.4
2156,9.4
2157,9.4
2158,9.4
2159,9.2
2160,9.4
2161,9.2
2162,9.2
2163,9.4
2164,9.4
2165,9.4
2166,9.4
2167,9.4
2168,9.4
2169,9.3
2170,9.4
2171,9.4
2172,9.3
2173,9.4
2174,9.4
2175,9.4
2176,9.4
2177,9.4
2178,9.4
2179,9.4
2180,9.2
2181,9.2
2182,9.4
2183,9.4
2184,9.4
2185,9.4
2186,-10.4
2187,9.4
2188,9.4
2189,9.4
2190,9.4
2191,9.4
2192,9.4
2193,9.4
2194,9.4
2195,-10.2
2196,9.4
2197,9.4
2198,9.4
2199,9.4
2200,9.4
2201,9.4
2202,9.4
2203,9.4
2204,9.4
2205,9.4
2206,9.4
2207,9.3
2208,9.4
2209,9.4
2210,9.4
2211,9.4
2212,9.4
2213,9.4
2214,9.2
2215,9.4
2216,9.4
2217,9.4
2218,9.4
2219,9.4
2220,9.4
2221,9.4
2222,9.4
2223,9.4
2224,9.4
2225,9.4
2226,9.3
2227,9.4
2228,9.4
2229,9.4
2230,9.4
2231,9.4
2232,9.4
2233,9.4
2234,9.4
2235,9.4
2236,9.4
2237,9.4
2238,9.4
2239,9.4
2240,9.3
2241,9.4
2242,9.2
2243,9.4
2244,9.4
2245,9.4
2246,9.4
2247,9.2
2248,9.4
2249,9.2
2250,9.4
2251,9.4
2252,9.4
2253,9.4
2254,9.4
2255,9.2
2256,9.4
2257,9.4
2258,9.4
2259,9.4
2260,9.4
2261,-10.6
2262,9.4
2263,9.4
2264,9.4
2265,9.4
2266,9.4
2267,9.4
2268,9.4
2269,9.4
2270,9.4
2271,9.2
2272,9.3
2273,9.4
2274,9.4
2275,9.4
2276,9.4
2277,9.4
2278,9.4
2279,9.4
2280,9.4
2281,9.2
2282,9.4
2283,9.4
2284,9.4
2285,9.4
2286,9.2
2287,9.2
2288,9.4
2289,9.4
2290,9.4
2291,9.4
2292,9.2
2293,9.4
2294,9.4
2295,9.4
2296,9.4
2297,9.4
2298,9.4
2299,9.4
2300,9.4
2301,-10.6
2302,9.4
2303,9.4
2304,9.4
2305,9.2
2306,9.4
2307,-10.3
2308,9.4
2309,9.4
2310,9.4
2311,9.4
2312,9.2
2313,9.4
2314,9.4
2315,9.4
2316,-10.1
2317,9.2
2318,9.4
2319,9.4
2320,-10.5
2321,9.4
2322,9.4
2323,9.4
2324,-10.2
2325,9.3
2326,9.4
2327,9.4
2328,9.4
2329,9.4
2330,9.3
2331,-10.4
2332,9.4
2333,9.4
2334,9.4
2335,9.4
2336,9.4
2337,9.4
2338,9.4
2339,-10.5
2340,9.3
2341,9.4
2342,9.4
2343,9.4
2344,9.4
2345,9.4
2346,9.4
2347,-10.3
2348,9.4
2349,9.2
2350,9.4
2351,9.4
2352,9.4
2353,9.4
2354,9.4
2355,9.4
2356,9.4
2357,9.4
2358,9.4
2359,9.4
2360,9.4
2361,9.4
2362,9.4
2363,9.3
2364,9.4
2365,9.4
2366,9.2
2367,-10.3
2368,9.4
2369,9.0
2370,9.4
2371,9.4
2372,9.4
2373,9.4
2374,9.4
2375,9.4
2376,-10.5
2377,9.4
2378,-10.3
2379,9.2
2380,9.4
2381,9.4
2382,9.4
2383,9.4
2384,9.3
2385,9.4
2386,9.2
2387,9.4
2388,-10.3
2389,9.4
2390,9.0
2391,9.2
2392,9.4
2393,9.4
2394,9.4
2395,9.2
2396,9.4
2397,9.4
2398,9.4
2399,9.4
2400,9.2
2401,9.4
2402,9.4
2403,9.4
2404,9.4
2405,-10.3
2406,9.2
2407,9.2
2408,9.4
2409,9.2
2410,9.3
2411,9.4
2412,9.4
2413,9.4
2414,9.4
2415,9.4
2416,9.4
2417,9.4
2418,9.4
2419,9.2
2420,9.4
2421,9.4
2422,9.2
2423,-10.5
2424,9.4
2425,9.4
2426,9.4
2427,9.3
2428,9.4
2429,9.4
2430,9.4
2431,-10.4
2432,9.4
2433,-10.2
2434,9.4
2435,9.4
2436,9.4
2437,9.4
2438,9.4
2439,9.2
2440,9.4
2441,9.4
2442,9.4
2443,9.4
2444,9.4
2445,9.4
2446,9.4
2447,-10.4
2448,-10.2
2449,9.2
2450,9.4
2451,9.4
2452,9.3
2453,9.4
2454,9.2
2455,9.2
2456,9.4
2457,9.4
2458,9.4
2459,9.4
2460,9.4
2461,9.4
2462,9.3
2463,9.4
2464,9.4
2465,9.2
2466,9.4
2467,9.2
2468,9.4
2469,9.4
2470,9.4
2471,9.4
2472,9.2
2473,9.3
2474,9.4
2475,9.4
2476,9.4
2477,9.4
2478,9.2
2479,9.4
2480,9.4
2481,9.4
2482,9.4
2483,-10.5
2484,9.4
2485,9.4
2486,9.4
2487,9.4
2488,9.4
2489,9.4
2490,9.4
2491,9.4
2492,9.4
2493,9.4
2494,9.4
2495,-10.3
2496,9.4
2497,9.2
2498,9.4
2499,9.4
2500,9.4
2501,9.2
2502,9.4
2503,9.2
2504,9.4
2505,9.3
2506,9.4
2507,9.4
2508,9.4
2509,9.4
2510,9.4
2511,9.4
2512,9.4
2513,9.4
2514,9.4
2515,9.3
2516,9.4
2517,9.4
2518,9.4
2519,9.4
2520,9.4
2521,9.4
2522,9.2
2523,9.4
2524,9.4
2525,9.4
2526,9.4
2527,9.4
2528,9.4
2529,9.4
2530,9.4
2531,9.4
2532,-10.4
2533,9.4
2534,9.4
2535,9.4
2536,9.4
2537,9.4
2538,9.4
2539,9.2
2540,9.3
2541,9.4
2542,9.4
2543,9.4
2544,9.0
2545,9.4
2546,9.4
2547,9.4
2548,9.4
2549,9.0
2550,9.4
2551,9.1
2552,9.4
2553,9.4
2554,9.4
2555,9.4
2556,9.4
2557,9.4
2558,9.4
2559,9.4
2560,9.3
2561,9.4
2562,9.4
2563,9.4
2564,9.4
2565,9.4
2566,9.3
2567,9.4
2568,9.1
2569,9.2
2570,9.4
2571,9.3
2572,9.4
2573,9.4
2574,9.4
2575,9.4
2576,9.4
2577,9.4
2578,9.4
2579,9.4
2580,9.4
2581,9.4
2582,9.4
2583,9.3
2584,9.3
2585,9.3
2586,9.4
2587,9.3
2588,9.4
2589,-10.3
2590,9.4
2591,9.4
2592,9.4
2593,9.4
2594,9.4
2595,9.4
2596,9.2
2597,9.4
2598,9.4
2599,9.2
2600,9.2
2601,9.4
2602,-10.1
2603,9.4
2604,9.4
2605,9.4
2606,9.4
2607,9.4
2608,9.4
2609,9.4
2610,9.4
2611,9.4
2612,9.4
2613,9.4
2614,9.4
2615,9.4
2616,9.2
2617,9.2
2618,9.4
2619,9.4
2620,9.4
2621,9.4
2622,9.4
2623,9.4
2624,-10.3
2625,9.4
2626,9.4
2627,9.4
2628,9.4
2629,9.2
2630,9.4
2631,9.4
2632,9.4
2633,9.4
2634,9.4
2635,9.4
2636,9.3
2637,9.4
2638,9.2
2639,-10.4
2640,9.4
2641,9.4
2642,9.2
2643,9.4
2644,9.2
2645,9.4
2646,9.4
2647,9.4
2648,9.4
2649,9.4
2650,9.4
2651,9.4
2652,9.4
2653,9.4
2654,9.2
2655,9.4
2656,9.4
2657,9.4
2658,9.4
2659,9.2
2660,9.4
2661,-10.3
2662,9.4
2663,9.4
2664,9.4
2665,9.2
2666,9.3
2667,9.4
2668,9.4
2669,9.2
2670,9.4
2671,9.4
2672,9.4
2673,9.4
2674,9.4
2675,9.4
2676,9.4
2677,-10.5
2678,9.4
2679,9.2
2680,9.4
2681,9.2
2682,9.4
2683,9.4
2684,9.2
2685,9.2
2686,-10.4
2687,9.4
2688,9.4
2689,9.4
2690,9.4
2691,9.3
2692,-10.3
2693,9.4
2694,9.4
2695,9.4
2696,9.4
2697,9.4
2698,9.4
2699,-10.2
2700,9.4
2701,9.2
2702,9.4
2703,9.4
2704,9.3
2705,9.3
2706,9.4
2707,9.4
2708,9.4
2709,9.4
2710,-10.2
2711,9.4
2712,9.4
2713,9.2
2714,9.4
2715,9.4
2716,9.4
2717,-10.7
2718,9.2
2719,-10.4
2720,-10.7
2721,9.4
2722,9.4
2723,9.4
2724,9.4
2725,9.4
2726,9.4
2727,9.4
2728,9.4
2729,9.4
2730,9.2
2731,9.4
2732,-10.1
2733,9.4
2734,9.4
2735,8.8
2736,9.4
2737,9.4
2738,9.4
2739,9.4
2740,9.4
2741,9.4
2742,9.1
2743,9.4
2744,9.4
2745,9.4
2746,-10.4
2747,9.4
2748,9.4
2749,9.4
2750,9.4
2751,9.4
2752,9.4
2753,9.4
2754,9.1
2755,9.4
2756,9.4
2757,9.4
2758,9.4
2759,9.4
2760,9.4
2761,9.4
2762,9.4
2763,9.4
2764,9.4
2765,9.4
2766,9.4
2767,9.4
2768,9.4
2769,9.4
2770,9.4
2771,9.4
2772,9.4
2773,9.4
2774,9.4
2775,9.2
2776,9.4
2777,9.4
2778,9.4
2779,9.4
2780,9.4
2781,9.4
2782,9.4
2783,9.4
2784,9.4
2785,9.4
2786,9.4
2787,9.4
2788,9.4
2789,9.4
2790,9.4
2791,9.4
2792,9.4
2793,9.4
2794,9.4
2795,9.2
2796,9.4
2797,9.4
2798,9.4
2799,9.2
2800,9.0
2801,9.4
2802,9.4
2803,9.4
2804,9.4
2805,9.3
2806,9.4
2807,9.3
2808,9.4
2809,9.4
2810,9.4
2811,-10.5
2812,9.4
2813,9.4
2814,9.4
2815,9.4
2816,9.4
2817,9.4
2818,9.4
2819,9.4
2820,9.4
2821,9.4
2822,-10.1
2823,9.4
2824,9.4
2825,9.4
2826,9.4
2827,9.4
2828,9.2
2829,9.2
2830,9.1
2831,-10.2
2832,9.4
2833,9.4
2834,9.4
2835,9.4
2836,9.4
2837,9.4
2838,9.3
2839,9.4
2840,9.4
2841,9.4
2842,-10.1
2843,9.4
2844,9.4
2845,9.4
2846,9.4
2847,9.4
2848,9.4
2849,9.4
2850,9.4
2851,9.4
2852,-10.1
2853,9.4
2854,9.4
2855,9.4
2856,9.4
2857,9.4
2858,9.4
2859,9.4
2860,9.4
2861,9.2
2862,9.4
2863,9.2
2864,9.4
2865,-10.2
2866,9.4
2867,9.4
2868,9.4
2869,9.4
2870,9.4
2871,9.2
2872,9.4
2873,9.2
2874,9.4
2875,9.4
2876,9.4
2877,9.4
2878,9.4
2879,9.4
2880,9.4
2881,9.4
2882,9.4
2883,9.4
2884,9.4
2885,9.4
2886,9.4
2887,9.4
2888,9.4
2889,9.1
2890,9.4
2891,9.4
2892,9.4
2893,9.4
2894,9.2
2895,9.4
2896,9.4
2897,9.4
2898,9.4
2899,9.4
2900,9.4
2901,9.4
2902,9.4
2903,9.4
2904,9.4
2905,9.4
2906,9.4
2907,9.4
2908,9.4
2909,9.4
2910,9.4
2911,9.4
2912,9.4
2913,9.4
2914,9.4
2915,9.4
2916,9.4
2917,9.0
2918,9.4
2919,9.4
2920,9.4
2921,-10.4
2922,9.2
2923,9.2
2924,9.2
2925,9.4
2926,9.4
2927,9.4
2928,9.4
2929,9.4
2930,9.4
2931,9.2
2932,9.4
2933,9.3
2934,9.4
2935,9.4
2936,9.2
2937,9.4
2938,9.4
2939,9.4
2940,9.4
2941,9.2
2942,9.4
2943,9.4
2944,9.4
2945,9.2
2946,9.2
2947,9.4
2948,9.4
2949,9.4
2950,9.4
2951,9.4
2952,9.2
2953,9.4
2954,9.4
2955,9.3
2956,9.0
2957,9.3
2958,9.4
2959,9.4
2960,9.4
2961,9.4
2962,9.4
2963,9.4
2964,9.4
2965,9.4
2966,9.4
2967,9.4
2968,9.4
2969,9.4
2970,9.4
2971,9.3
2972,9.4
2973,9.0
2974,9.4
2975,9.4
2976,9.4
2977,9.4
2978,9.4
2979,9.2
2980,9.4
2981,-10.1
2982,9.4
2983,9.3
2984,9.4
2985,9.4
2986,9.4
2987,9.4
2988,9.4
2989,9.4
2990,9.4
2991,9.4
2992,9.3
2993,9.4
2994,9.4
2995,9.4
2996,9.4
2997,9.4
2998,9.3
2999,9.4
3000,9.2
